{"fitness": 476104.99803018314, "fittest": [[[-6.9540489820993034, -14.938228307525284, -15.20656442378375, -17.268668817997618, -27.642715307357125], [2.2888656732866606, -8.651174122284548, -23.331434473002375, 4.604599150406953, -43.9863515863952], [0.034760545919160765, -9.52834192194652, 0.7699593562850198, -3.980482086016512, -1.8098733866465677], [2.6293446594820846, 9.666830630146587, -7.002121986909849, -5.6869524851460165, -10.524034604678489]], [15.186577839986432, 50.01459324102048, 3.011232373884619, -27.536764166603053, 1.8149366044398296], [[9.735289846109197, 8.000573823791377], [28.600444250271693, 20.87505533956577], [-8.057888163208421, 14.962671770534655], [17.70803144042111, -20.08128394096913], [3.3334403030976274, -30.957042683911663]], [-6.9959579959204925, 3.5967145711823467]]}